dbn,school_name,Cohort Year,% Grads
01M292,ORCHARD COLLEGIATE ACADEMY,2020,93.3
01M292,ORCHARD COLLEGIATE ACADEMY,2020,93.3
01M448,UNIVERSITY NEIGHBORHOOD HIGH SCHOOL,2020,96.8
01M448,UNIVERSITY NEIGHBORHOOD HIGH SCHOOL,2020,96.8
01M450,EAST SIDE COMMUNITY SCHOOL,2020,94.7
01M450,EAST SIDE COMMUNITY SCHOOL,2020,94.7
01M458,FORSYTH SATELLITE ACADEMY,2020,32.0
01M458,FORSYTH SATELLITE ACADEMY,2020,30.0
01M515,LOWER EAST SIDE PREPARATORY HIGH SCHOOL,2020,46.7
01M515,LOWER EAST SIDE PREPARATORY HIGH SCHOOL,2020,43.3
01M539,"NEW EXPLORATIONS INTO SCIENCE, TECHNOLOGY AND MATH HIGH SCHOOL",2020,99.4
01M539,"NEW EXPLORATIONS INTO SCIENCE, TECHNOLOGY AND MATH HIGH SCHOOL",2020,99.4
01M650,CASCADES HIGH SCHOOL,2020,38.7
01M650,CASCADES HIGH SCHOOL,2020,38.7
01M696,BARD HIGH SCHOOL EARLY COLLEGE,2020,97.0
01M696,BARD HIGH SCHOOL EARLY COLLEGE,2020,94.7
02M047,47 THE AMERICAN SIGN LANGUAGE AND ENGLISH SECONDARY SCHOOL,2020,100.0
02M047,47 THE AMERICAN SIGN LANGUAGE AND ENGLISH SECONDARY SCHOOL,2020,100.0
02M135,THE URBAN ASSEMBLY EARLY COLLEGE HIGH SCHOOL OF EMERGENCY MEDICINE,2020,96.6
02M135,THE URBAN ASSEMBLY EARLY COLLEGE HIGH SCHOOL OF EMERGENCY MEDICINE,2020,96.6
02M139,STEPHEN T. MATHER BUILDING ARTS & CRAFTSMANSHIP HIGH SCHOOL,2020,84.4
02M139,STEPHEN T. MATHER BUILDING ARTS & CRAFTSMANSHIP HIGH SCHOOL,2020,84.4
02M260,THE CLINTON SCHOOL,2020,99.2
02M260,THE CLINTON SCHOOL,2020,99.2
02M280,MANHATTAN EARLY COLLEGE SCHOOL FOR ADVERTISING,2020,86.7
02M280,MANHATTAN EARLY COLLEGE SCHOOL FOR ADVERTISING,2020,81.9
02M282,URBAN ASSEMBLY MAKER ACADEMY,2020,92.1
02M282,URBAN ASSEMBLY MAKER ACADEMY,2020,91.3
02M288,FOOD AND FINANCE HIGH SCHOOL,2020,92.1
02M288,FOOD AND FINANCE HIGH SCHOOL,2020,89.9
02M294,ESSEX STREET ACADEMY,2020,93.3
02M294,ESSEX STREET ACADEMY,2020,87.6
02M296,HIGH SCHOOL OF HOSPITALITY MANAGEMENT,2020,70.7
02M296,HIGH SCHOOL OF HOSPITALITY MANAGEMENT,2020,69.0
02M298,PACE HIGH SCHOOL,2020,85.7
02M298,PACE HIGH SCHOOL,2020,80.3
02M300,"URBAN ASSEMBLY SCHOOL OF DESIGN AND CONSTRUCTION, THE",2020,92.8
02M300,"URBAN ASSEMBLY SCHOOL OF DESIGN AND CONSTRUCTION, THE",2020,88.4
02M303,"FACING HISTORY SCHOOL, THE",2020,93.9
02M303,"FACING HISTORY SCHOOL, THE",2020,92.7
02M305,"URBAN ASSEMBLY ACADEMY OF GOVERNMENT AND LAW, THE",2020,87.9
02M305,"URBAN ASSEMBLY ACADEMY OF GOVERNMENT AND LAW, THE",2020,84.8
02M308,LOWER MANHATTAN ARTS ACADEMY,2020,82.9
02M308,LOWER MANHATTAN ARTS ACADEMY,2020,75.0
02M313,"JAMES BALDWIN SCHOOL, THE: A SCHOOL FOR EXPEDITIONARY LEARNING",2020,39.2
02M313,"JAMES BALDWIN SCHOOL, THE: A SCHOOL FOR EXPEDITIONARY LEARNING",2020,37.8
02M316,"URBAN ASSEMBLY SCHOOL OF BUSINESS FOR YOUNG WOMEN, THE",2020,76.9
02M316,"URBAN ASSEMBLY SCHOOL OF BUSINESS FOR YOUNG WOMEN, THE",2020,76.9
02M374,GRAMERCY ARTS HIGH SCHOOL,2020,96.3
02M374,GRAMERCY ARTS HIGH SCHOOL,2020,91.6
02M376,NYC ISCHOOL,2020,96.7
02M376,NYC ISCHOOL,2020,96.7
02M392,MANHATTAN BUSINESS ACADEMY,2020,91.4
02M392,MANHATTAN BUSINESS ACADEMY,2020,91.4
02M393,BUSINESS OF SPORTS SCHOOL,2020,84.6
02M393,BUSINESS OF SPORTS SCHOOL,2020,75.0
02M394,EMMA LAZARUS HIGH SCHOOL,2020,44.4
02M394,EMMA LAZARUS HIGH SCHOOL,2020,38.9
02M399,THE HIGH SCHOOL FOR LANGUAGE AND DIPLOMACY,2020,88.1
02M399,THE HIGH SCHOOL FOR LANGUAGE AND DIPLOMACY,2020,88.1
02M400,HIGH SCHOOL FOR ENVIRONMENTAL STUDIES,2020,98.0
02M400,HIGH SCHOOL FOR ENVIRONMENTAL STUDIES,2020,95.3
02M407,INSTITUTE FOR COLLABORATIVE EDUCATION,2020,93.9
02M407,INSTITUTE FOR COLLABORATIVE EDUCATION,2020,91.5
02M408,PROFESSIONAL PERFORMING ARTS HIGH SCHOOL,2020,98.3
02M408,PROFESSIONAL PERFORMING ARTS HIGH SCHOOL,2020,98.3
02M411,BARUCH COLLEGE CAMPUS HIGH SCHOOL,2020,100.0
02M411,BARUCH COLLEGE CAMPUS HIGH SCHOOL,2020,100.0
02M412,N.Y.C. LAB SCHOOL FOR COLLABORATIVE STUDIES,2020,100.0
02M412,N.Y.C. LAB SCHOOL FOR COLLABORATIVE STUDIES,2020,100.0
02M413,SCHOOL OF THE FUTURE HIGH SCHOOL,2020,97.3
02M413,SCHOOL OF THE FUTURE HIGH SCHOOL,2020,96.4
02M414,N.Y.C. MUSEUM SCHOOL,2020,100.0
02M414,N.Y.C. MUSEUM SCHOOL,2020,97.5
02M416,ELEANOR ROOSEVELT HIGH SCHOOL,2020,99.3
02M416,ELEANOR ROOSEVELT HIGH SCHOOL,2020,99.3
02M418,MILLENNIUM HIGH SCHOOL,2020,98.3
02M418,MILLENNIUM HIGH SCHOOL,2020,98.3
02M419,LANDMARK HIGH SCHOOL,2020,84.3
02M419,LANDMARK HIGH SCHOOL,2020,78.7
02M420,HIGH SCHOOL FOR HEALTH PROFESSIONS AND HUMAN SERVICES,2020,94.9
02M420,HIGH SCHOOL FOR HEALTH PROFESSIONS AND HUMAN SERVICES,2020,91.9
02M422,QUEST TO LEARN,2020,76.5
02M422,QUEST TO LEARN,2020,70.6
02M425,LEADERSHIP AND PUBLIC SERVICE HIGH SCHOOL,2020,91.4
02M425,LEADERSHIP AND PUBLIC SERVICE HIGH SCHOOL,2020,89.7
02M427,MANHATTAN ACADEMY FOR ARTS & LANGUAGE,2020,90.3
02M427,MANHATTAN ACADEMY FOR ARTS & LANGUAGE,2020,90.3
02M432,MURRAY HILL ACADEMY,2020,88.3
02M432,MURRAY HILL ACADEMY,2020,86.7
02M437,HUDSON HIGH SCHOOL OF LEARNING TECHNOLOGIES,2020,83.0
02M437,HUDSON HIGH SCHOOL OF LEARNING TECHNOLOGIES,2020,78.7
02M438,INTERNATIONAL HIGH SCHOOL AT UNION SQUARE,2020,85.3
02M438,INTERNATIONAL HIGH SCHOOL AT UNION SQUARE,2020,85.3
02M439,MANHATTAN VILLAGE ACADEMY,2020,98.3
02M439,MANHATTAN VILLAGE ACADEMY,2020,97.5
02M449,VANGUARD HIGH SCHOOL,2020,88.1
02M449,VANGUARD HIGH SCHOOL,2020,82.6
02M459,MANHATTAN INTERNATIONAL HIGH SCHOOL,2020,85.5
02M459,MANHATTAN INTERNATIONAL HIGH SCHOOL,2020,84.3
02M475,STUYVESANT HIGH SCHOOL,2020,98.5
02M475,STUYVESANT HIGH SCHOOL,2020,97.0
02M489,HIGH SCHOOL OF ECONOMICS AND FINANCE,2020,92.0
02M489,HIGH SCHOOL OF ECONOMICS AND FINANCE,2020,91.4
02M500,UNITY CENTER FOR URBAN TECHNOLOGIES,2020,93.9
02M500,UNITY CENTER FOR URBAN TECHNOLOGIES,2020,87.8
02M507,URBAN ASSEMBLY GATEWAY SCHOOL FOR TECHNOLOGY,2020,100.0
02M507,URBAN ASSEMBLY GATEWAY SCHOOL FOR TECHNOLOGY,2020,92.6
02M519,TALENT UNLIMITED HIGH SCHOOL,2020,92.5
02M519,TALENT UNLIMITED HIGH SCHOOL,2020,91.5
02M520,MURRY BERGTRAUM HIGH SCHOOL FOR BUSINESS CAREERS,2020,91.9
02M520,MURRY BERGTRAUM HIGH SCHOOL FOR BUSINESS CAREERS,2020,89.2
02M529,JACQUELINE KENNEDY ONASSIS HIGH SCHOOL,2020,90.7
02M529,JACQUELINE KENNEDY ONASSIS HIGH SCHOOL,2020,72.1
02M531,REPERTORY COMPANY HIGH SCHOOL FOR THEATRE ARTS,2020,98.2
02M531,REPERTORY COMPANY HIGH SCHOOL FOR THEATRE ARTS,2020,98.2
02M533,UNION SQUARE ACADEMY FOR HEALTH SCIENCES,2020,96.8
02M533,UNION SQUARE ACADEMY FOR HEALTH SCIENCES,2020,93.5
02M534,HARVEST COLLEGIATE HIGH SCHOOL,2020,84.8
02M534,HARVEST COLLEGIATE HIGH SCHOOL,2020,81.3
02M542,MANHATTAN BRIDGES HIGH SCHOOL,2020,93.3
02M542,MANHATTAN BRIDGES HIGH SCHOOL,2020,89.5
02M543,NEW DESIGN HIGH SCHOOL,2020,95.8
02M543,NEW DESIGN HIGH SCHOOL,2020,94.9
02M544,INDEPENDENCE HIGH SCHOOL,2020,35.1
02M544,INDEPENDENCE HIGH SCHOOL,2020,26.0
02M545,HIGH SCHOOL FOR DUAL LANGUAGE AND ASIAN STUDIES,2020,97.8
02M545,HIGH SCHOOL FOR DUAL LANGUAGE AND ASIAN STUDIES,2020,97.8
02M546,ACADEMY FOR SOFTWARE ENGINEERING,2020,82.8
02M546,ACADEMY FOR SOFTWARE ENGINEERING,2020,82.8
02M550,LIBERTY HIGH SCHOOL ACADEMY FOR NEWCOMERS,2020,38.6
02M550,LIBERTY HIGH SCHOOL ACADEMY FOR NEWCOMERS,2020,37.5
02M551,URBAN ASSEMBLY NEW YORK HARBOR SCHOOL,2020,93.8
02M551,URBAN ASSEMBLY NEW YORK HARBOR SCHOOL,2020,90.3
02M560,HIGH SCHOOL M560 - CITY AS SCHOOL,2020,42.5
02M560,HIGH SCHOOL M560 - CITY AS SCHOOL,2020,40.4
02M565,URBAN ACADEMY LABORATORY HIGH SCHOOL,2020,51.3
02M565,URBAN ACADEMY LABORATORY HIGH SCHOOL,2020,48.7
02M570,SATELLITE ACADEMY HIGH SCHOOL,2020,25.8
02M570,SATELLITE ACADEMY HIGH SCHOOL,2020,25.8
02M575,MANHATTAN COMPREHENSIVE NIGHT AND DAY HIGH SCHOOL,2020,29.0
02M575,MANHATTAN COMPREHENSIVE NIGHT AND DAY HIGH SCHOOL,2020,25.2
02M580,RICHARD R. GREEN HIGH SCHOOL OF TEACHING,2020,89.6
02M580,RICHARD R. GREEN HIGH SCHOOL OF TEACHING,2020,82.1
02M586,HARVEY MILK HIGH SCHOOL,2020,45.0
02M586,HARVEY MILK HIGH SCHOOL,2020,25.0
02M600,THE HIGH SCHOOL OF FASHION INDUSTRIES,2020,94.9
02M600,THE HIGH SCHOOL OF FASHION INDUSTRIES,2020,92.0
02M605,HUMANITIES PREPARATORY ACADEMY,2020,100.0
02M605,HUMANITIES PREPARATORY ACADEMY,2020,95.7
02M615,CHELSEA CAREER AND TECHNICAL EDUCATION HIGH SCHOOL,2020,92.4
02M615,CHELSEA CAREER AND TECHNICAL EDUCATION HIGH SCHOOL,2020,91.4
02M630,ART AND DESIGN HIGH SCHOOL,2020,95.7
02M630,ART AND DESIGN HIGH SCHOOL,2020,93.9
02M655,THE HIGH SCHOOL FOR CLIMATE JUSTICE,2020,72.2
02M655,THE HIGH SCHOOL FOR CLIMATE JUSTICE,2020,70.9
03M291,WEST END SECONDARY SCHOOL,2020,100.0
03M291,WEST END SECONDARY SCHOOL,2020,98.0
03M299,THE MAXINE GREENE HS FOR IMAGINATIVE INQUIRY,2020,72.7
03M299,THE MAXINE GREENE HS FOR IMAGINATIVE INQUIRY,2020,63.6
03M307,"URBAN ASSEMBLY SCHOOL FOR MEDIA STUDIES, THE",2020,93.2
03M307,"URBAN ASSEMBLY SCHOOL FOR MEDIA STUDIES, THE",2020,90.4
03M402,THE URBAN ASSEMBLY SCHOOL FOR GREEN CAREERS,2020,87.5
03M402,THE URBAN ASSEMBLY SCHOOL FOR GREEN CAREERS,2020,85.7
03M403,THE GLOBAL LEARNING COLLABORATIVE,2020,94.3
03M403,THE GLOBAL LEARNING COLLABORATIVE,2020,92.5
03M404,INNOVATION DIPLOMA PLUS,2020,29.6
03M404,INNOVATION DIPLOMA PLUS,2020,23.9
03M415,WADLEIGH SECONDARY SCHOOL FOR THE PERFORMING & VISUAL ARTS,2020,100.0
03M415,WADLEIGH SECONDARY SCHOOL FOR THE PERFORMING & VISUAL ARTS,2020,100.0
03M417,FRANK MCCOURT HIGH SCHOOL,2020,100.0
03M417,FRANK MCCOURT HIGH SCHOOL,2020,100.0
03M479,BEACON HIGH SCHOOL,2020,96.5
03M479,BEACON HIGH SCHOOL,2020,95.7
03M485,FIORELLO H. LAGUARDIA HIGH SCHOOL OF MUSIC & ART AND PERFORMING ARTS,2020,98.2
03M485,FIORELLO H. LAGUARDIA HIGH SCHOOL OF MUSIC & ART AND PERFORMING ARTS,2020,97.5
03M492,"HIGH SCHOOL FOR LAW, ADVOCACY AND COMMUNITY JUSTICE",2020,84.2
03M492,"HIGH SCHOOL FOR LAW, ADVOCACY AND COMMUNITY JUSTICE",2020,78.9
03M494,HIGH SCHOOL OF ARTS AND TECHNOLOGY,2020,84.7
03M494,HIGH SCHOOL OF ARTS AND TECHNOLOGY,2020,83.7
03M541,MANHATTAN / HUNTER SCIENCE HIGH SCHOOL,2020,96.3
03M541,MANHATTAN / HUNTER SCIENCE HIGH SCHOOL,2020,96.3
03M610,YOUNG WOMEN'S LEADERSHIP SCHOOL,2020,98.7
03M610,YOUNG WOMEN'S LEADERSHIP SCHOOL,2020,98.7
03M859,SPECIAL MUSIC SCHOOL,2020,97.9
03M859,SPECIAL MUSIC SCHOOL,2020,95.7
03M860,FREDERICK DOUGLASS ACADEMY II SECONDARY SCHOOL,2020,82.8
03M860,FREDERICK DOUGLASS ACADEMY II SECONDARY SCHOOL,2020,79.3
04M310,THE JUDITH S. KAYE SCHOOL,2020,47.2
04M310,THE JUDITH S. KAYE SCHOOL,2020,40.7
04M372,ESPERANZA PREPARATORY ACADEMY,2020,77.9
04M372,ESPERANZA PREPARATORY ACADEMY,2020,76.5
04M435,MANHATTAN CENTER FOR SCIENCE AND MATHEMATICS,2020,98.5
04M435,MANHATTAN CENTER FOR SCIENCE AND MATHEMATICS,2020,98.0
04M495,PARK EAST HIGH SCHOOL,2020,99.0
04M495,PARK EAST HIGH SCHOOL,2020,99.0
04M505,EDWARD A. REYNOLDS WEST SIDE HIGH SCHOOL,2020,13.6
04M505,EDWARD A. REYNOLDS WEST SIDE HIGH SCHOOL,2020,12.6
04M555,CENTRAL PARK EAST HIGH SCHOOL,2020,99.2
04M555,CENTRAL PARK EAST HIGH SCHOOL,2020,99.2
04M680,"HERITAGE SCHOOL, THE",2020,90.5
04M680,"HERITAGE SCHOOL, THE",2020,90.5
05M148,EAGLE ACADEMY FOR YOUNG MEN OF HARLEM,2020,80.6
05M148,EAGLE ACADEMY FOR YOUNG MEN OF HARLEM,2020,80.6
05M157,THE URBAN ASSEMBLY SCHOOL FOR GLOBAL COMMERCE,2020,80.0
05M157,THE URBAN ASSEMBLY SCHOOL FOR GLOBAL COMMERCE,2020,80.0
05M285,HARLEM RENAISSANCE HIGH SCHOOL,2020,38.8
05M285,HARLEM RENAISSANCE HIGH SCHOOL,2020,37.2
05M304,MOTT HALL HIGH SCHOOL,2020,91.3
05M304,MOTT HALL HIGH SCHOOL,2020,89.1
05M362,COLUMBIA SECONDARY SCHOOL,2020,96.9
05M362,COLUMBIA SECONDARY SCHOOL,2020,96.9
05M369,URBAN ASSEMBLY SCHOOL FOR THE PERFORMING ARTS,2020,84.7
05M369,URBAN ASSEMBLY SCHOOL FOR THE PERFORMING ARTS,2020,83.3
05M499,FREDERICK DOUGLASS ACADEMY,2020,93.0
05M499,FREDERICK DOUGLASS ACADEMY,2020,89.5
05M670,THURGOOD MARSHALL ACADEMY FOR LEARNING AND SOCIAL CHANGE,2020,84.6
05M670,THURGOOD MARSHALL ACADEMY FOR LEARNING AND SOCIAL CHANGE,2020,83.3
05M692,"HIGH SCHOOL FOR MATHEMATICS, SCIENCE AND ENGINEERING AT CITY COLLEGE",2020,98.6
05M692,"HIGH SCHOOL FOR MATHEMATICS, SCIENCE AND ENGINEERING AT CITY COLLEGE",2020,98.6
06M211,INWOOD EARLY COLLEGE FOR HEALTH AND INFORMATION TECHNOLOGIES,2020,84.1
06M211,INWOOD EARLY COLLEGE FOR HEALTH AND INFORMATION TECHNOLOGIES,2020,76.8
06M293,CITY COLLEGE ACADEMY OF THE ARTS,2020,98.7
06M293,CITY COLLEGE ACADEMY OF THE ARTS,2020,96.2
06M346,COMMUNITY HEALTH ACADEMY OF THE HEIGHTS,2020,90.5
06M346,COMMUNITY HEALTH ACADEMY OF THE HEIGHTS,2020,89.3
06M348,WASHINGTON HEIGHTS EXPEDITIONARY LEARNING SCHOOL,2020,93.4
06M348,WASHINGTON HEIGHTS EXPEDITIONARY LEARNING SCHOOL,2020,87.7
06M423,HIGH SCHOOL FOR EXCELLENCE AND INNOVATION,2020,66.0
06M423,HIGH SCHOOL FOR EXCELLENCE AND INNOVATION,2020,62.3
06M462,THE COLLEGE ACADEMY,2020,95.8
06M462,THE COLLEGE ACADEMY,2020,94.4
06M463,HIGH SCHOOL FOR MEDIA AND COMMUNICATIONS,2020,82.2
06M463,HIGH SCHOOL FOR MEDIA AND COMMUNICATIONS,2020,80.8
06M467,HIGH SCHOOL FOR LAW AND PUBLIC SERVICE,2020,78.7
06M467,HIGH SCHOOL FOR LAW AND PUBLIC SERVICE,2020,76.6
06M468,HIGH SCHOOL FOR HEALTH CAREERS AND SCIENCES,2020,88.5
06M468,HIGH SCHOOL FOR HEALTH CAREERS AND SCIENCES,2020,85.9
06M540,A. PHILIP RANDOLPH CAMPUS HIGH SCHOOL,2020,68.9
06M540,A. PHILIP RANDOLPH CAMPUS HIGH SCHOOL,2020,63.8
06M552,GREGORIO LUPERON HIGH SCHOOL FOR SCIENCE AND MATHEMATICS,2020,93.1
06M552,GREGORIO LUPERON HIGH SCHOOL FOR SCIENCE AND MATHEMATICS,2020,80.0
07X221,SOUTH BRONX PREPARATORY: A COLLEGE BOARD SCHOOL,2020,91.6
07X221,SOUTH BRONX PREPARATORY: A COLLEGE BOARD SCHOOL,2020,89.2
07X223,THE LABORATORY SCHOOL OF FINANCE AND TECHNOLOGY: X223,2020,96.6
07X223,THE LABORATORY SCHOOL OF FINANCE AND TECHNOLOGY: X223,2020,96.6
07X259,"H.E.R.O. HIGH (HEALTH, EDUCATION, AND RESEARCH OCCUPATIONS HIGH SCHOOL)",2020,86.6
07X259,"H.E.R.O. HIGH (HEALTH, EDUCATION, AND RESEARCH OCCUPATIONS HIGH SCHOOL)",2020,85.6
07X334,INTERNATIONAL COMMUNITY HIGH SCHOOL,2020,83.3
07X334,INTERNATIONAL COMMUNITY HIGH SCHOOL,2020,77.8
07X379,JILL CHAIFETZ TRANSFER HIGH SCHOOL,2020,19.8
07X379,JILL CHAIFETZ TRANSFER HIGH SCHOOL,2020,15.1
07X381,BRONX HAVEN HIGH SCHOOL,2020,31.0
07X381,BRONX HAVEN HIGH SCHOOL,2020,29.9
07X427,COMMUNITY SCHOOL FOR SOCIAL JUSTICE,2020,85.0
07X427,COMMUNITY SCHOOL FOR SOCIAL JUSTICE,2020,85.0
07X473,MOTT HAVEN VILLAGE PREPARATORY HIGH SCHOOL,2020,86.8
07X473,MOTT HAVEN VILLAGE PREPARATORY HIGH SCHOOL,2020,84.2
07X495,UNIVERSITY HEIGHTS SECONDARY SCHOOL,2020,100.0
07X495,UNIVERSITY HEIGHTS SECONDARY SCHOOL,2020,100.0
07X500,HOSTOS-LINCOLN ACADEMY OF SCIENCE,2020,89.1
07X500,HOSTOS-LINCOLN ACADEMY OF SCIENCE,2020,87.5
07X522,BRONX DESIGN AND CONSTRUCTION ACADEMY,2020,85.4
07X522,BRONX DESIGN AND CONSTRUCTION ACADEMY,2020,80.5
07X527,BRONX LEADERSHIP ACADEMY II HIGH SCHOOL,2020,91.9
07X527,BRONX LEADERSHIP ACADEMY II HIGH SCHOOL,2020,89.9
07X548,CAREERS IN SPORTS HIGH SCHOOL,2020,66.7
07X548,CAREERS IN SPORTS HIGH SCHOOL,2020,66.7
07X551,THE URBAN ASSEMBLY BRONX ACADEMY OF LETTERS,2020,78.8
07X551,THE URBAN ASSEMBLY BRONX ACADEMY OF LETTERS,2020,68.8
07X557,MOTT HAVEN COMMUNITY HIGH SCHOOL,2020,50.7
07X557,MOTT HAVEN COMMUNITY HIGH SCHOOL,2020,50.0
07X600,ALFRED E. SMITH CAREER AND TECHNICAL EDUCATION HIGH SCHOOL,2020,84.0
07X600,ALFRED E. SMITH CAREER AND TECHNICAL EDUCATION HIGH SCHOOL,2020,80.9
07X625,BRONX LEGACY HIGH SCHOOL,2020,90.9
07X625,BRONX LEGACY HIGH SCHOOL,2020,83.6
07X670,HEALTH OPPORTUNITIES HIGH SCHOOL,2020,70.7
07X670,HEALTH OPPORTUNITIES HIGH SCHOOL,2020,65.9
08X269,BRONX STUDIO SCHOOL FOR WRITERS AND ARTISTS,2020,91.0
08X269,BRONX STUDIO SCHOOL FOR WRITERS AND ARTISTS,2020,89.7
08X282,WOMEN'S ACADEMY OF EXCELLENCE,2020,74.3
08X282,WOMEN'S ACADEMY OF EXCELLENCE,2020,68.6
08X293,RENAISSANCE HIGH SCHOOL FOR MUSICAL THEATER AND THE ARTS,2020,90.0
08X293,RENAISSANCE HIGH SCHOOL FOR MUSICAL THEATER AND THE ARTS,2020,87.3
08X312,MILLENNIUM ART ACADEMY,2020,89.7
08X312,MILLENNIUM ART ACADEMY,2020,89.7
08X320,PELHAM LAB HIGH SCHOOL,2020,77.9
08X320,PELHAM LAB HIGH SCHOOL,2020,74.0
08X348,SCHUYLERVILLE PREPARATORY HIGH SCHOOL,2020,72.9
08X348,SCHUYLERVILLE PREPARATORY HIGH SCHOOL,2020,69.8
08X349,BRONX RIVER HIGH SCHOOL,2020,95.4
08X349,BRONX RIVER HIGH SCHOOL,2020,91.7
08X367,"ARCHIMEDES ACADEMY FOR MATH, SCIENCE AND TECHNOLOGY APPLICATIONS",2020,71.9
08X367,"ARCHIMEDES ACADEMY FOR MATH, SCIENCE AND TECHNOLOGY APPLICATIONS",2020,62.5
08X376,ANTONIA PANTOJA PREPARATORY ACADEMY: A COLLEGE BOARD SCHOOL,2020,88.6
08X376,ANTONIA PANTOJA PREPARATORY ACADEMY: A COLLEGE BOARD SCHOOL,2020,86.4
08X377,BRONX COMMUNITY HIGH SCHOOL,2020,29.3
08X377,BRONX COMMUNITY HIGH SCHOOL,2020,24.2
08X405,HERBERT H. LEHMAN HIGH SCHOOL,2020,82.7
08X405,HERBERT H. LEHMAN HIGH SCHOOL,2020,76.4
08X432,BRONX BRIDGES HIGH SCHOOL,2020,90.9
08X432,BRONX BRIDGES HIGH SCHOOL,2020,83.8
08X452,GOTHAM COLLABORATIVE HIGH SCHOOL,2020,92.4
08X452,GOTHAM COLLABORATIVE HIGH SCHOOL,2020,83.5
08X530,LONGWOOD PREPARATORY ACADEMY,2020,86.2
08X530,LONGWOOD PREPARATORY ACADEMY,2020,81.5
08X537,BRONX ARENA HIGH SCHOOL,2020,24.7
08X537,BRONX ARENA HIGH SCHOOL,2020,24.7
08X558,WESTCHESTER SQUARE ACADEMY,2020,84.2
08X558,WESTCHESTER SQUARE ACADEMY,2020,78.2
08X561,BRONX COMPASS HIGH SCHOOL,2020,92.1
08X561,BRONX COMPASS HIGH SCHOOL,2020,86.8
09X227,BRONX COLLEGIATE ACADEMY,2020,92.6
09X227,BRONX COLLEGIATE ACADEMY,2020,88.4
09X231,EAGLE ACADEMY FOR YOUNG MEN,2020,83.1
09X231,EAGLE ACADEMY FOR YOUNG MEN,2020,83.1
09X241,"URBAN ASSEMBLY SCHOOL FOR APPLIED MATH AND SCIENCE, THE",2020,83.5
09X241,"URBAN ASSEMBLY SCHOOL FOR APPLIED MATH AND SCIENCE, THE",2020,78.8
09X250,EXIMIUS COLLEGE PREPARATORY ACADEMY: A COLLEGE BOARD SCHOOL,2020,89.3
09X250,EXIMIUS COLLEGE PREPARATORY ACADEMY: A COLLEGE BOARD SCHOOL,2020,89.3
09X252,MOTT HALL BRONX HIGH SCHOOL,2020,84.5
09X252,MOTT HALL BRONX HIGH SCHOOL,2020,81.4
09X260,BRONX CENTER FOR SCIENCE AND MATHEMATICS,2020,95.8
09X260,BRONX CENTER FOR SCIENCE AND MATHEMATICS,2020,95.8
09X263,VALIDUS PREPARATORY ACADEMY,2020,67.3
09X263,VALIDUS PREPARATORY ACADEMY,2020,67.3
09X297,MORRIS ACADEMY FOR COLLABORATIVE STUDIES,2020,84.1
09X297,MORRIS ACADEMY FOR COLLABORATIVE STUDIES,2020,82.2
09X324,BRONX EARLY COLLEGE ACADEMY FOR TEACHING & LEARNING,2020,93.6
09X324,BRONX EARLY COLLEGE ACADEMY FOR TEACHING & LEARNING,2020,92.3
09X327,COMPREHENSIVE MODEL SCHOOL PROJECT M.S. 327,2020,91.4
09X327,COMPREHENSIVE MODEL SCHOOL PROJECT M.S. 327,2020,90.3
09X329,DREAMYARD PREPARATORY SCHOOL,2020,85.5
09X329,DREAMYARD PREPARATORY SCHOOL,2020,82.3
09X350,NEW DIRECTIONS SECONDARY SCHOOL,2020,44.9
09X350,NEW DIRECTIONS SECONDARY SCHOOL,2020,39.1
09X365,ACADEMY FOR LANGUAGE AND TECHNOLOGY,2020,97.5
09X365,ACADEMY FOR LANGUAGE AND TECHNOLOGY,2020,95.0
09X403,BRONX INTERNATIONAL HIGH SCHOOL,2020,85.7
09X403,BRONX INTERNATIONAL HIGH SCHOOL,2020,79.4
09X404,SCHOOL FOR EXCELLENCE,2020,76.5
09X404,SCHOOL FOR EXCELLENCE,2020,76.5
09X412,BRONX HIGH SCHOOL OF BUSINESS,2020,78.8
09X412,BRONX HIGH SCHOOL OF BUSINESS,2020,72.7
09X413,BRONX HIGH SCHOOL FOR MEDICAL SCIENCE,2020,86.8
09X413,BRONX HIGH SCHOOL FOR MEDICAL SCIENCE,2020,83.8
09X505,"BRONX SCHOOL FOR LAW, GOVERNMENT AND JUSTICE",2020,81.8
09X505,"BRONX SCHOOL FOR LAW, GOVERNMENT AND JUSTICE",2020,80.2
09X517,FREDERICK DOUGLASS ACADEMY III SECONDARY SCHOOL,2020,87.3
09X517,FREDERICK DOUGLASS ACADEMY III SECONDARY SCHOOL,2020,69.8
09X525,BRONX LEADERSHIP ACADEMY HIGH SCHOOL,2020,98.6
09X525,BRONX LEADERSHIP ACADEMY HIGH SCHOOL,2020,98.6
09X543,HIGH SCHOOL FOR VIOLIN AND DANCE,2020,83.9
09X543,HIGH SCHOOL FOR VIOLIN AND DANCE,2020,83.9
09X564,CLAREMONT INTERNATIONAL HS,2020,82.3
09X564,CLAREMONT INTERNATIONAL HS,2020,78.5
09X568,YOUNG WOMEN'S LEADERSHIP SCHOOL OF THE BRONX,2020,97.1
09X568,YOUNG WOMEN'S LEADERSHIP SCHOOL OF THE BRONX,2020,95.6
10X141,RIVERDALE / KINGSBRIDGE ACADEMY (MIDDLE SCHOOL / HIGH SCHOOL 141),2020,95.3
10X141,RIVERDALE / KINGSBRIDGE ACADEMY (MIDDLE SCHOOL / HIGH SCHOOL 141),2020,93.6
10X213,BRONX ENGINEERING AND TECHNOLOGY ACADEMY,2020,90.6
10X213,BRONX ENGINEERING AND TECHNOLOGY ACADEMY,2020,88.2
10X225,THEATRE ARTS PRODUCTION COMPANY SCHOOL,2020,82.1
10X225,THEATRE ARTS PRODUCTION COMPANY SCHOOL,2020,79.8
10X237,"THE MARIE CURIE HIGH SCHOOL FOR MEDICINE, NURSING, AND HEALTH PROFESSIONS",2020,84.1
10X237,"THE MARIE CURIE HIGH SCHOOL FOR MEDICINE, NURSING, AND HEALTH PROFESSIONS",2020,82.5
10X243,WEST BRONX ACADEMY FOR THE FUTURE,2020,85.7
10X243,WEST BRONX ACADEMY FOR THE FUTURE,2020,83.7
10X264,BRONX ACADEMY FOR SOFTWARE ENGINEERING (BASE),2020,87.2
10X264,BRONX ACADEMY FOR SOFTWARE ENGINEERING (BASE),2020,84.0
10X268,KINGSBRIDGE INTERNATIONAL HIGH SCHOOL,2020,55.6
10X268,KINGSBRIDGE INTERNATIONAL HIGH SCHOOL,2020,55.6
10X284,BRONX SCHOOL OF LAW AND FINANCE,2020,84.0
10X284,BRONX SCHOOL OF LAW AND FINANCE,2020,84.0
10X319,PROVIDING URBAN LEARNERS SUCCESS IN EDUCATION HIGH SCHOOL,2020,21.2
10X319,PROVIDING URBAN LEARNERS SUCCESS IN EDUCATION HIGH SCHOOL,2020,20.2
10X342,INTERNATIONAL SCHOOL FOR LIBERAL ARTS,2020,92.3
10X342,INTERNATIONAL SCHOOL FOR LIBERAL ARTS,2020,81.3
10X351,BRONX COLLABORATIVE HIGH SCHOOL,2020,85.7
10X351,BRONX COLLABORATIVE HIGH SCHOOL,2020,79.8
10X353,WORLD VIEW HIGH SCHOOL,2020,92.8
10X353,WORLD VIEW HIGH SCHOOL,2020,91.2
10X368,IN-TECH ACADEMY (M.S. / HIGH SCHOOL 368),2020,90.2
10X368,IN-TECH ACADEMY (M.S. / HIGH SCHOOL 368),2020,88.0
10X374,KNOWLEDGE AND POWER PREPARATORY ACADEMY INTERNATIONAL HIGH SCHOOL (KAPPA),2020,96.4
10X374,KNOWLEDGE AND POWER PREPARATORY ACADEMY INTERNATIONAL HIGH SCHOOL (KAPPA),2020,96.4
10X397,ENGLISH LANGUAGE LEARNERS AND INTERNATIONAL SUPPORT PREPARATORY ACADEMY (ELLIS),2020,55.4
10X397,ENGLISH LANGUAGE LEARNERS AND INTERNATIONAL SUPPORT PREPARATORY ACADEMY (ELLIS),2020,55.4
10X433,HIGH SCHOOL FOR TEACHING AND THE PROFESSIONS,2020,93.2
10X433,HIGH SCHOOL FOR TEACHING AND THE PROFESSIONS,2020,89.8
10X434,BELMONT PREPARATORY HIGH SCHOOL,2020,97.8
10X434,BELMONT PREPARATORY HIGH SCHOOL,2020,91.0
10X437,FORDHAM HIGH SCHOOL FOR THE ARTS,2020,99.0
10X437,FORDHAM HIGH SCHOOL FOR THE ARTS,2020,99.0
10X438,FORDHAM LEADERSHIP ACADEMY,2020,99.0
10X438,FORDHAM LEADERSHIP ACADEMY,2020,99.0
10X439,BRONX HIGH SCHOOL FOR LAW AND COMMUNITY SERVICE,2020,94.2
10X439,BRONX HIGH SCHOOL FOR LAW AND COMMUNITY SERVICE,2020,91.9
10X440,DEWITT CLINTON HIGH SCHOOL,2020,93.3
10X440,DEWITT CLINTON HIGH SCHOOL,2020,92.5
10X442,"CELIA CRUZ BRONX HIGH SCHOOL OF MUSIC, THE",2020,98.0
10X442,"CELIA CRUZ BRONX HIGH SCHOOL OF MUSIC, THE",2020,98.0
10X445,THE BRONX HIGH SCHOOL OF SCIENCE,2020,99.2
10X445,THE BRONX HIGH SCHOOL OF SCIENCE,2020,99.2
10X477,MARBLE HILL HIGH SCHOOL FOR INTERNATIONAL STUDIES,2020,90.4
10X477,MARBLE HILL HIGH SCHOOL FOR INTERNATIONAL STUDIES,2020,88.3
10X524,CROTONA INTERNATIONAL HIGH SCHOOL,2020,80.6
10X524,CROTONA INTERNATIONAL HIGH SCHOOL,2020,77.6
10X546,BRONX THEATRE HIGH SCHOOL,2020,90.6
10X546,BRONX THEATRE HIGH SCHOOL,2020,90.6
10X549,DISCOVERY HIGH SCHOOL,2020,93.9
10X549,DISCOVERY HIGH SCHOOL,2020,93.9
10X565,HIGH SCHOOL FOR ENERGY AND TECHNOLOGY,2020,90.9
10X565,HIGH SCHOOL FOR ENERGY AND TECHNOLOGY,2020,89.6
10X696,HIGH SCHOOL OF AMERICAN STUDIES AT LEHMAN COLLEGE,2020,100.0
10X696,HIGH SCHOOL OF AMERICAN STUDIES AT LEHMAN COLLEGE,2020,100.0
11X249,BRONX HEALTH SCIENCES HIGH SCHOOL,2020,97.8
11X249,BRONX HEALTH SCIENCES HIGH SCHOOL,2020,97.8
11X253,BRONX HIGH SCHOOL FOR WRITING AND COMMUNICATION ARTS,2020,88.9
11X253,BRONX HIGH SCHOOL FOR WRITING AND COMMUNICATION ARTS,2020,88.9
11X265,BRONX LAB SCHOOL,2020,85.7
11X265,BRONX LAB SCHOOL,2020,85.7
11X270,ACADEMY FOR SCHOLARSHIP AND ENTREPRENEURSHIP: A COLLEGE BOARD SCHOOL,2020,81.6
11X270,ACADEMY FOR SCHOLARSHIP AND ENTREPRENEURSHIP: A COLLEGE BOARD SCHOOL,2020,73.6
11X275,HIGH SCHOOL OF COMPUTERS AND TECHNOLOGY,2020,85.3
11X275,HIGH SCHOOL OF COMPUTERS AND TECHNOLOGY,2020,84.0
11X288,COLLEGIATE INSTITUTE FOR MATH AND SCIENCE,2020,93.3
11X288,COLLEGIATE INSTITUTE FOR MATH AND SCIENCE,2020,91.1
11X290,BRONX ACADEMY OF HEALTH CAREERS,2020,81.3
11X290,BRONX ACADEMY OF HEALTH CAREERS,2020,76.3
11X299,ASTOR COLLEGIATE ACADEMY,2020,90.5
11X299,ASTOR COLLEGIATE ACADEMY,2020,89.3
11X418,BRONX HIGH SCHOOL FOR THE VISUAL ARTS,2020,83.0
11X418,BRONX HIGH SCHOOL FOR THE VISUAL ARTS,2020,81.9
11X455,HARRY S TRUMAN HIGH SCHOOL,2020,79.4
11X455,HARRY S TRUMAN HIGH SCHOOL,2020,76.4
11X508,BRONXDALE HIGH SCHOOL,2020,75.8
11X508,BRONXDALE HIGH SCHOOL,2020,73.6
11X509,HIGH SCHOOL OF LANGUAGE AND INNOVATION,2020,92.0
11X509,HIGH SCHOOL OF LANGUAGE AND INNOVATION,2020,86.4
11X513,NEW WORLD HIGH SCHOOL,2020,93.6
11X513,NEW WORLD HIGH SCHOOL,2020,92.3
11X514,THE BRONXWOOD PREPARATORY ACADEMY,2020,95.5
11X514,THE BRONXWOOD PREPARATORY ACADEMY,2020,91.0
11X542,PELHAM PREPARATORY ACADEMY,2020,91.1
11X542,PELHAM PREPARATORY ACADEMY,2020,88.4
11X544,HIGH SCHOOL FOR CONTEMPORARY ARTS,2020,87.3
11X544,HIGH SCHOOL FOR CONTEMPORARY ARTS,2020,87.3
11X545,BRONX AEROSPACE HIGH SCHOOL,2020,87.5
11X545,BRONX AEROSPACE HIGH SCHOOL,2020,87.5
12X242,MOTT HALL V,2020,93.9
12X242,MOTT HALL V,2020,89.8
12X248,"METROPOLITAN HIGH SCHOOL, THE",2020,74.3
12X248,"METROPOLITAN HIGH SCHOOL, THE",2020,68.6
12X251,EXPLORATIONS ACADEMY H.S.,2020,78.9
12X251,EXPLORATIONS ACADEMY H.S.,2020,76.1
12X267,BRONX LATIN,2020,95.9
12X267,BRONX LATIN,2020,95.9
12X271,EAST BRONX ACADEMY FOR THE FUTURE,2020,84.7
12X271,EAST BRONX ACADEMY FOR THE FUTURE,2020,84.7
12X388,PAN AMERICAN INTERNATIONAL HIGH SCHOOL AT MONROE,2020,90.2
12X388,PAN AMERICAN INTERNATIONAL HIGH SCHOOL AT MONROE,2020,90.2
12X446,ARTURO A. SCHOMBURG SATELLITE ACADEMY BRONX,2020,27.0
12X446,ARTURO A. SCHOMBURG SATELLITE ACADEMY BRONX,2020,25.8
12X478,THE CINEMA SCHOOL,2020,89.5
12X478,THE CINEMA SCHOOL,2020,88.2
12X479,BRONX CAREER AND COLLEGE PREPARATORY HIGH SCHOOL,2020,63.3
12X479,BRONX CAREER AND COLLEGE PREPARATORY HIGH SCHOOL,2020,57.1
12X480,BRONX REGIONAL HIGH SCHOOL,2020,23.3
12X480,BRONX REGIONAL HIGH SCHOOL,2020,21.1
12X511,BRONX ENVISION ACADEMY,2020,72.9
12X511,BRONX ENVISION ACADEMY,2020,70.0
12X521,THE METROPOLITAN SOUNDVIEW HIGH SCHOOL,2020,71.7
12X521,THE METROPOLITAN SOUNDVIEW HIGH SCHOOL,2020,70.8
12X550,HIGH SCHOOL OF WORLD CULTURES,2020,80.2
12X550,HIGH SCHOOL OF WORLD CULTURES,2020,79.1
12X682,FANNIE LOU HAMER FREEDOM HIGH SCHOOL,2020,85.0
12X682,FANNIE LOU HAMER FREEDOM HIGH SCHOOL,2020,84.1
12X684,WINGS ACADEMY,2020,75.0
12X684,WINGS ACADEMY,2020,66.1
13K265,DR. SUSAN S. MCKINNEY SECONDARY SCHOOL OF THE ARTS,2020,67.4
13K265,DR. SUSAN S. MCKINNEY SECONDARY SCHOOL OF THE ARTS,2020,65.1
13K350,URBAN ASSEMBLY SCHOOL OF MUSIC AND ART,2020,92.0
13K350,URBAN ASSEMBLY SCHOOL OF MUSIC AND ART,2020,92.0
13K412,BROOKLYN COMMUNITY ARTS & MEDIA HIGH SCHOOL (BCAM),2020,87.0
13K412,BROOKLYN COMMUNITY ARTS & MEDIA HIGH SCHOOL (BCAM),2020,86.1
13K419,"SCIENCE SKILLS CENTER HIGH SCHOOL FOR SCIENCE, TECHNOLOGY AND THE CREATIVE ARTS",2020,96.8
13K419,"SCIENCE SKILLS CENTER HIGH SCHOOL FOR SCIENCE, TECHNOLOGY AND THE CREATIVE ARTS",2020,94.4
13K430,BROOKLYN TECHNICAL HIGH SCHOOL,2020,97.7
13K430,BROOKLYN TECHNICAL HIGH SCHOOL,2020,96.3
13K439,BROOKLYN INTERNATIONAL HIGH SCHOOL,2020,68.3
13K439,BROOKLYN INTERNATIONAL HIGH SCHOOL,2020,62.2
13K483,THE URBAN ASSEMBLY SCHOOL FOR LAW AND JUSTICE,2020,89.5
13K483,THE URBAN ASSEMBLY SCHOOL FOR LAW AND JUSTICE,2020,85.7
13K527,URBAN ASSEMBLY INSTITUTE OF MATH AND SCIENCE FOR YOUNG WOMEN,2020,96.6
13K527,URBAN ASSEMBLY INSTITUTE OF MATH AND SCIENCE FOR YOUNG WOMEN,2020,95.5
13K553,BROOKLYN ACADEMY HIGH SCHOOL,2020,36.8
13K553,BROOKLYN ACADEMY HIGH SCHOOL,2020,35.1
13K594,GOTHAM PROFESSIONAL ARTS ACADEMY,2020,90.7
13K594,GOTHAM PROFESSIONAL ARTS ACADEMY,2020,83.7
13K595,BEDFORD ACADEMY HIGH SCHOOL,2020,98.9
13K595,BEDFORD ACADEMY HIGH SCHOOL,2020,98.9
13K605,GEORGE WESTINGHOUSE CAREER AND TECHNICAL EDUCATION HIGH SCHOOL,2020,88.6
13K605,GEORGE WESTINGHOUSE CAREER AND TECHNICAL EDUCATION HIGH SCHOOL,2020,87.8
13K616,BROOKLYN HIGH SCHOOL FOR LEADERSHIP AND COMMUNITY SERVICE,2020,39.2
13K616,BROOKLYN HIGH SCHOOL FOR LEADERSHIP AND COMMUNITY SERVICE,2020,37.8
13K670,BENJAMIN BANNEKER ACADEMY,2020,97.2
13K670,BENJAMIN BANNEKER ACADEMY,2020,93.3
13K674,"CITY POLYTECHNIC HIGH SCHOOL OF ENGINEERING, ARCHITECTURE, AND TECHNOLOGY",2020,84.3
13K674,"CITY POLYTECHNIC HIGH SCHOOL OF ENGINEERING, ARCHITECTURE, AND TECHNOLOGY",2020,80.6
14K071,JUAN MOREL CAMPOS SECONDARY SCHOOL,2020,85.7
14K071,JUAN MOREL CAMPOS SECONDARY SCHOOL,2020,84.3
14K449,"BROOKLYN LATIN SCHOOL, THE",2020,99.5
14K449,"BROOKLYN LATIN SCHOOL, THE",2020,98.9
14K454,THE WILLIAMSBURG HIGH SCHOOL OF ART AND TECHNOLOGY,2020,96.0
14K454,THE WILLIAMSBURG HIGH SCHOOL OF ART AND TECHNOLOGY,2020,92.9
14K474,PROGRESS HIGH SCHOOL FOR PROFESSIONAL CAREERS,2020,78.6
14K474,PROGRESS HIGH SCHOOL FOR PROFESSIONAL CAREERS,2020,72.4
14K477,EAST WILLIAMSBURG SCHOLARS ACADEMY,2020,88.9
14K477,EAST WILLIAMSBURG SCHOLARS ACADEMY,2020,83.3
14K478,"THE HIGH SCHOOL FOR ENTERPRISE, BUSINESS AND TECHNOLOGY",2020,84.2
14K478,"THE HIGH SCHOOL FOR ENTERPRISE, BUSINESS AND TECHNOLOGY",2020,77.4
14K488,BROOKLYN PREPARATORY HIGH SCHOOL,2020,94.7
14K488,BROOKLYN PREPARATORY HIGH SCHOOL,2020,94.7
14K558,WILLIAMSBURG HIGH SCHOOL FOR ARCHITECTURE AND DESIGN,2020,95.6
14K558,WILLIAMSBURG HIGH SCHOOL FOR ARCHITECTURE AND DESIGN,2020,94.9
14K561,WILLIAMSBURG PREPARATORY SCHOOL,2020,95.2
14K561,WILLIAMSBURG PREPARATORY SCHOOL,2020,95.2
14K586,LYONS COMMUNITY SCHOOL,2020,59.7
14K586,LYONS COMMUNITY SCHOOL,2020,51.6
14K610,A-TECH HIGH SCHOOL,2020,90.8
14K610,A-TECH HIGH SCHOOL,2020,86.2
14K614,YOUNG WOMEN'S LEADERSHIP SCHOOL OF BROOKLYN,2020,95.8
14K614,YOUNG WOMEN'S LEADERSHIP SCHOOL OF BROOKLYN,2020,95.8
14K685,EL PUENTE ACADEMY FOR PEACE AND JUSTICE,2020,81.3
14K685,EL PUENTE ACADEMY FOR PEACE AND JUSTICE,2020,81.3
15K423,BROOKLYN FRONTIERS HIGH SCHOOL,2020,36.3
15K423,BROOKLYN FRONTIERS HIGH SCHOOL,2020,25.0
15K429,DIGITAL ARTS AND CINEMA TECHNOLOGY HIGH SCHOOL,2020,96.4
15K429,DIGITAL ARTS AND CINEMA TECHNOLOGY HIGH SCHOOL,2020,96.4
15K448,BROOKLYN COLLABORATIVE STUDIES,2020,94.6
15K448,BROOKLYN COLLABORATIVE STUDIES,2020,94.6
15K462,JOHN JAY SCHOOL FOR LAW,2020,86.4
15K462,JOHN JAY SCHOOL FOR LAW,2020,84.5
15K463,CYBERARTS STUDIO ACADEMY,2020,80.3
15K463,CYBERARTS STUDIO ACADEMY,2020,74.2
15K464,PARK SLOPE COLLEGIATE,2020,87.8
15K464,PARK SLOPE COLLEGIATE,2020,83.3
15K497,THE BOERUM HILL SCHOOL FOR INTERNATIONAL STUDIES,2020,90.0
15K497,THE BOERUM HILL SCHOOL FOR INTERNATIONAL STUDIES,2020,88.8
15K519,COBBLE HILL SCHOOL OF AMERICAN STUDIES,2020,77.6
15K519,COBBLE HILL SCHOOL OF AMERICAN STUDIES,2020,71.1
15K529,WEST BROOKLYN COMMUNITY HIGH SCHOOL,2020,32.9
15K529,WEST BROOKLYN COMMUNITY HIGH SCHOOL,2020,31.4
15K592,KHALIL GIBRAN INTERNATIONAL ACADEMY,2020,78.9
15K592,KHALIL GIBRAN INTERNATIONAL ACADEMY,2020,78.9
15K656,BROOKLYN HIGH SCHOOL OF THE ARTS,2020,96.7
15K656,BROOKLYN HIGH SCHOOL OF THE ARTS,2020,90.9
15K667,SUNSET PARK HIGH SCHOOL,2020,84.0
15K667,SUNSET PARK HIGH SCHOOL,2020,82.2
15K684,MILLENNIUM BROOKLYN HS,2020,98.8
15K684,MILLENNIUM BROOKLYN HS,2020,98.8
15K698,SOUTH BROOKLYN COMMUNITY HIGH SCHOOL,2020,26.3
15K698,SOUTH BROOKLYN COMMUNITY HIGH SCHOOL,2020,25.0
16K455,BOYS AND GIRLS HIGH SCHOOL,2020,77.3
16K455,BOYS AND GIRLS HIGH SCHOOL,2020,66.0
16K498,BROOKLYN HIGH SCHOOL FOR LAW AND TECHNOLOGY,2020,84.1
16K498,BROOKLYN HIGH SCHOOL FOR LAW AND TECHNOLOGY,2020,81.4
16K669,RESEARCH AND SERVICE HIGH SCHOOL,2020,32.3
16K669,RESEARCH AND SERVICE HIGH SCHOOL,2020,27.3
16K688,THE BROOKLYN ACADEMY OF GLOBAL FINANCE,2020,88.1
16K688,THE BROOKLYN ACADEMY OF GLOBAL FINANCE,2020,85.7
16K765,NELSON MANDELA HIGH SCHOOL,2020,84.8
16K765,NELSON MANDELA HIGH SCHOOL,2020,72.7
17K122,PATHWAYS IN TECHNOLOGY EARLY COLLEGE HIGH SCHOOL (P-TECH),2020,83.5
17K122,PATHWAYS IN TECHNOLOGY EARLY COLLEGE HIGH SCHOOL (P-TECH),2020,81.4
17K382,ACADEMY FOR COLLEGE PREPARATION AND CAREER EXPLORATION: A COLLEGE BOARD SCHOOL,2020,95.7
17K382,ACADEMY FOR COLLEGE PREPARATION AND CAREER EXPLORATION: A COLLEGE BOARD SCHOOL,2020,95.7
17K408,ACADEMY OF HOSPITALITY AND TOURISM,2020,77.1
17K408,ACADEMY OF HOSPITALITY AND TOURISM,2020,72.9
17K524,INTERNATIONAL HIGH SCHOOL AT PROSPECT HEIGHTS,2020,73.6
17K524,INTERNATIONAL HIGH SCHOOL AT PROSPECT HEIGHTS,2020,71.7
17K528,THE HIGH SCHOOL FOR GLOBAL CITIZENSHIP,2020,96.8
17K528,THE HIGH SCHOOL FOR GLOBAL CITIZENSHIP,2020,96.8
17K531,"SCHOOL FOR HUMAN RIGHTS, THE",2020,64.7
17K531,"SCHOOL FOR HUMAN RIGHTS, THE",2020,64.7
17K537,HIGH SCHOOL FOR YOUTH AND COMMUNITY DEVELOPMENT AT ERASMUS,2020,91.2
17K537,HIGH SCHOOL FOR YOUTH AND COMMUNITY DEVELOPMENT AT ERASMUS,2020,91.2
17K539,HIGH SCHOOL FOR SERVICE & LEARNING AT ERASMUS,2020,94.7
17K539,HIGH SCHOOL FOR SERVICE & LEARNING AT ERASMUS,2020,94.7
17K543,"SCIENCE, TECHNOLOGY AND RESEARCH EARLY COLLEGE HIGH SCHOOL AT ERASMUS",2020,99.0
17K543,"SCIENCE, TECHNOLOGY AND RESEARCH EARLY COLLEGE HIGH SCHOOL AT ERASMUS",2020,99.0
17K546,HIGH SCHOOL FOR PUBLIC SERVICE: HEROES OF TOMORROW,2020,84.4
17K546,HIGH SCHOOL FOR PUBLIC SERVICE: HEROES OF TOMORROW,2020,82.8
17K547,BROOKLYN ACADEMY OF SCIENCE AND THE ENVIRONMENT,2020,84.6
17K547,BROOKLYN ACADEMY OF SCIENCE AND THE ENVIRONMENT,2020,83.1
17K548,BROOKLYN SCHOOL FOR MUSIC & THEATRE,2020,90.2
17K548,BROOKLYN SCHOOL FOR MUSIC & THEATRE,2020,90.2
17K568,BROWNSVILLE ACADEMY HIGH SCHOOL,2020,46.9
17K568,BROWNSVILLE ACADEMY HIGH SCHOOL,2020,42.2
17K590,MEDGAR EVERS COLLEGE PREPARATORY SCHOOL,2020,98.0
17K590,MEDGAR EVERS COLLEGE PREPARATORY SCHOOL,2020,98.0
17K600,CLARA BARTON HIGH SCHOOL,2020,77.7
17K600,CLARA BARTON HIGH SCHOOL,2020,72.9
17K646,ASPIRATIONS DIPLOMA PLUS HIGH SCHOOL,2020,25.5
17K646,ASPIRATIONS DIPLOMA PLUS HIGH SCHOOL,2020,19.1
17K745,BROOKLYN INSTITUTE FOR LIBERAL ARTS,2020,91.7
17K745,BROOKLYN INSTITUTE FOR LIBERAL ARTS,2020,90.9
17K751,ACADEMY FOR HEALTH CAREERS,2020,89.1
17K751,ACADEMY FOR HEALTH CAREERS,2020,87.0
18K563,IT TAKES A VILLAGE ACADEMY,2020,88.6
18K563,IT TAKES A VILLAGE ACADEMY,2020,84.3
18K566,BROOKLYN COMMUNITY HIGH SCHOOL FOR EXCELLENCE AND EQUITY,2020,87.7
18K566,BROOKLYN COMMUNITY HIGH SCHOOL FOR EXCELLENCE AND EQUITY,2020,82.5
18K567,BROOKLYN THEATRE ARTS HIGH SCHOOL,2020,90.7
18K567,BROOKLYN THEATRE ARTS HIGH SCHOOL,2020,86.0
18K569,KURT HAHN EXPEDITIONARY LEARNING SCHOOL,2020,71.4
18K569,KURT HAHN EXPEDITIONARY LEARNING SCHOOL,2020,71.4
18K576,VICTORY COLLEGIATE HIGH SCHOOL,2020,82.7
18K576,VICTORY COLLEGIATE HIGH SCHOOL,2020,75.0
18K578,BROOKLYN BRIDGE ACADEMY,2020,32.9
18K578,BROOKLYN BRIDGE ACADEMY,2020,27.6
18K617,HIGH SCHOOL FOR INNOVATION IN ADVERTISING AND MEDIA,2020,86.8
18K617,HIGH SCHOOL FOR INNOVATION IN ADVERTISING AND MEDIA,2020,82.4
18K629,CULTURAL ACADEMY FOR THE ARTS AND SCIENCES,2020,85.7
18K629,CULTURAL ACADEMY FOR THE ARTS AND SCIENCES,2020,83.7
18K633,HIGH SCHOOL FOR MEDICAL PROFESSIONS,2020,93.8
18K633,HIGH SCHOOL FOR MEDICAL PROFESSIONS,2020,92.8
18K635,OLYMPUS ACADEMY,2020,44.1
18K635,OLYMPUS ACADEMY,2020,41.2
18K637,ACADEMY FOR CONSERVATION AND THE ENVIRONMENT,2020,90.7
18K637,ACADEMY FOR CONSERVATION AND THE ENVIRONMENT,2020,89.7
18K642,URBAN ACTION ACADEMY,2020,84.8
18K642,URBAN ACTION ACADEMY,2020,78.8
18K673,EAST BROOKLYN COMMUNITY HIGH SCHOOL,2020,44.2
18K673,EAST BROOKLYN COMMUNITY HIGH SCHOOL,2020,40.3
19K404,ACADEMY FOR YOUNG WRITERS,2020,89.2
19K404,ACADEMY FOR YOUNG WRITERS,2020,86.5
19K409,EAST NEW YORK FAMILY ACADEMY,2020,95.3
19K409,EAST NEW YORK FAMILY ACADEMY,2020,92.9
19K422,SPRING CREEK COMMUNITY SCHOOL,2020,87.1
19K422,SPRING CREEK COMMUNITY SCHOOL,2020,82.3
19K502,FDNY - CAPTAIN VERNON A. RICHARD HIGH SCHOOL FOR FIRE AND LIFE SAFETY,2020,86.0
19K502,FDNY - CAPTAIN VERNON A. RICHARD HIGH SCHOOL FOR FIRE AND LIFE SAFETY,2020,86.0
19K504,HIGH SCHOOL FOR CIVIL RIGHTS,2020,87.1
19K504,HIGH SCHOOL FOR CIVIL RIGHTS,2020,87.1
19K507,PERFORMING ARTS AND TECHNOLOGY HIGH SCHOOL,2020,96.8
19K507,PERFORMING ARTS AND TECHNOLOGY HIGH SCHOOL,2020,95.2
19K510,WORLD ACADEMY FOR TOTAL COMMUNITY HEALTH HIGH SCHOOL,2020,82.8
19K510,WORLD ACADEMY FOR TOTAL COMMUNITY HEALTH HIGH SCHOOL,2020,75.9
19K583,MULTICULTURAL HIGH SCHOOL,2020,74.1
19K583,MULTICULTURAL HIGH SCHOOL,2020,71.8
19K615,TRANSIT TECH CAREER AND TECHNICAL EDUCATION HIGH SCHOOL,2020,82.8
19K615,TRANSIT TECH CAREER AND TECHNICAL EDUCATION HIGH SCHOOL,2020,75.8
19K618,ACADEMY OF INNOVATIVE TECHNOLOGY,2020,96.8
19K618,ACADEMY OF INNOVATIVE TECHNOLOGY,2020,95.8
19K639,BROOKLYN LAB SCHOOL,2020,98.6
19K639,BROOKLYN LAB SCHOOL,2020,98.6
19K659,CYPRESS HILLS COLLEGIATE PREPARATORY SCHOOL,2020,97.1
19K659,CYPRESS HILLS COLLEGIATE PREPARATORY SCHOOL,2020,97.1
19K660,W. H. MAXWELL CAREER AND TECHNICAL EDUCATION HIGH SCHOOL,2020,84.6
19K660,W. H. MAXWELL CAREER AND TECHNICAL EDUCATION HIGH SCHOOL,2020,76.9
19K683,SCHOOL FOR CLASSICS HIGH SCHOOL,2020,75.0
19K683,SCHOOL FOR CLASSICS HIGH SCHOOL,2020,65.0
19K764,THE URBAN ASSEMBLY SCHOOL FOR COLLABORATIVE HEALTHCARE,2020,90.7
19K764,THE URBAN ASSEMBLY SCHOOL FOR COLLABORATIVE HEALTHCARE,2020,85.3
19K953,THE EAST NEW YORK ARTS AND CIVICS HIGH SCHOOL,2020,83.9
19K953,THE EAST NEW YORK ARTS AND CIVICS HIGH SCHOOL,2020,83.9
20K445,NEW UTRECHT HIGH SCHOOL,2020,82.7
20K445,NEW UTRECHT HIGH SCHOOL,2020,77.6
20K485,HIGH SCHOOL OF TELECOMMUNICATION ARTS AND TECHNOLOGY,2020,95.7
20K485,HIGH SCHOOL OF TELECOMMUNICATION ARTS AND TECHNOLOGY,2020,92.9
20K490,FORT HAMILTON HIGH SCHOOL,2020,86.2
20K490,FORT HAMILTON HIGH SCHOOL,2020,82.0
20K505,FRANKLIN DELANO ROOSEVELT HIGH SCHOOL,2020,73.8
20K505,FRANKLIN DELANO ROOSEVELT HIGH SCHOOL,2020,70.9
20K609,URBAN ASSEMBLY SCHOOL FOR LEADERSHIP AND EMPOWERMENT,2020,97.5
20K609,URBAN ASSEMBLY SCHOOL FOR LEADERSHIP AND EMPOWERMENT,2020,96.3
21K337,INTERNATIONAL HIGH SCHOOL AT LAFAYETTE,2020,74.5
21K337,INTERNATIONAL HIGH SCHOOL AT LAFAYETTE,2020,63.6
21K344,RACHEL CARSON HIGH SCHOOL FOR COASTAL STUDIES,2020,88.8
21K344,RACHEL CARSON HIGH SCHOOL FOR COASTAL STUDIES,2020,86.6
21K348,HIGH SCHOOL OF SPORTS MANAGEMENT,2020,79.3
21K348,HIGH SCHOOL OF SPORTS MANAGEMENT,2020,70.7
21K410,ABRAHAM LINCOLN HIGH SCHOOL,2020,90.1
21K410,ABRAHAM LINCOLN HIGH SCHOOL,2020,87.4
21K468,KINGSBOROUGH EARLY COLLEGE SCHOOL,2020,94.8
21K468,KINGSBOROUGH EARLY COLLEGE SCHOOL,2020,94.8
21K525,EDWARD R. MURROW HIGH SCHOOL,2020,85.8
21K525,EDWARD R. MURROW HIGH SCHOOL,2020,81.1
21K540,JOHN DEWEY HIGH SCHOOL,2020,83.0
21K540,JOHN DEWEY HIGH SCHOOL,2020,77.5
21K559,LIFE ACADEMY HIGH SCHOOL FOR FILM AND MUSIC,2020,73.6
21K559,LIFE ACADEMY HIGH SCHOOL FOR FILM AND MUSIC,2020,71.7
21K572,LEADERS HIGH SCHOOL,2020,88.8
21K572,LEADERS HIGH SCHOOL,2020,84.3
21K620,WILLIAM E. GRADY CAREER AND TECHNICAL EDUCATION HIGH SCHOOL,2020,79.3
21K620,WILLIAM E. GRADY CAREER AND TECHNICAL EDUCATION HIGH SCHOOL,2020,75.6
21K690,BROOKLYN STUDIO SECONDARY SCHOOL,2020,83.3
21K690,BROOKLYN STUDIO SECONDARY SCHOOL,2020,76.4
21K728,LIBERATION DIPLOMA PLUS,2020,39.5
21K728,LIBERATION DIPLOMA PLUS,2020,36.8
22K405,MIDWOOD HIGH SCHOOL,2020,95.9
22K405,MIDWOOD HIGH SCHOOL,2020,93.7
22K425,JAMES MADISON HIGH SCHOOL,2020,89.1
22K425,JAMES MADISON HIGH SCHOOL,2020,85.3
22K535,LEON M. GOLDSTEIN HIGH SCHOOL FOR THE SCIENCES,2020,96.5
22K535,LEON M. GOLDSTEIN HIGH SCHOOL FOR THE SCIENCES,2020,96.5
22K555,BROOKLYN COLLEGE ACADEMY,2020,99.3
22K555,BROOKLYN COLLEGE ACADEMY,2020,98.6
22K611,ORIGINS HIGH SCHOOL,2020,83.6
22K611,ORIGINS HIGH SCHOOL,2020,83.6
22K630,PROFESSIONAL PATHWAYS HIGH SCHOOL,2020,43.4
22K630,PROFESSIONAL PATHWAYS HIGH SCHOOL,2020,39.6
23K493,BROOKLYN COLLEGIATE: A COLLEGE BOARD SCHOOL,2020,87.5
23K493,BROOKLYN COLLEGIATE: A COLLEGE BOARD SCHOOL,2020,81.3
23K514,FREDERICK DOUGLASS ACADEMY VII HIGH SCHOOL,2020,100.0
23K514,FREDERICK DOUGLASS ACADEMY VII HIGH SCHOOL,2020,96.4
23K643,BROOKLYN DEMOCRACY ACADEMY,2020,34.6
23K643,BROOKLYN DEMOCRACY ACADEMY,2020,13.6
23K644,EAGLE ACADEMY FOR YOUNG MEN II,2020,91.6
23K644,EAGLE ACADEMY FOR YOUNG MEN II,2020,88.4
23K647,METROPOLITAN DIPLOMA PLUS HIGH SCHOOL,2020,34.0
23K647,METROPOLITAN DIPLOMA PLUS HIGH SCHOOL,2020,30.9
23K697,TEACHERS PREPARATORY HIGH SCHOOL,2020,62.2
23K697,TEACHERS PREPARATORY HIGH SCHOOL,2020,59.5
24Q236,INTERNATIONAL HIGH SCHOOL FOR HEALTH SCIENCES,2020,91.7
24Q236,INTERNATIONAL HIGH SCHOOL FOR HEALTH SCIENCES,2020,86.1
24Q264,ACADEMY OF FINANCE AND ENTERPRISE,2020,92.5
24Q264,ACADEMY OF FINANCE AND ENTERPRISE,2020,91.6
24Q267,HIGH SCHOOL OF APPLIED COMMUNICATION,2020,88.4
24Q267,HIGH SCHOOL OF APPLIED COMMUNICATION,2020,83.7
24Q293,CIVIC LEADERSHIP ACADEMY,2020,93.4
24Q293,CIVIC LEADERSHIP ACADEMY,2020,89.3
24Q296,PAN AMERICAN INTERNATIONAL HIGH SCHOOL,2020,100.0
24Q296,PAN AMERICAN INTERNATIONAL HIGH SCHOOL,2020,100.0
24Q299,BARD HIGH SCHOOL EARLY COLLEGE QUEENS,2020,95.8
24Q299,BARD HIGH SCHOOL EARLY COLLEGE QUEENS,2020,92.9
24Q455,NEWTOWN HIGH SCHOOL,2020,72.1
24Q455,NEWTOWN HIGH SCHOOL,2020,70.6
24Q485,GROVER CLEVELAND HIGH SCHOOL,2020,80.9
24Q485,GROVER CLEVELAND HIGH SCHOOL,2020,75.2
24Q520,MIDDLE COLLEGE HIGH SCHOOL AT LAGUARDIA COMMUNITY COLLEGE,2020,92.9
24Q520,MIDDLE COLLEGE HIGH SCHOOL AT LAGUARDIA COMMUNITY COLLEGE,2020,89.3
24Q530,INTERNATIONAL HIGH SCHOOL AT LAGUARDIA COMMUNITY COLLEGE,2020,93.3
24Q530,INTERNATIONAL HIGH SCHOOL AT LAGUARDIA COMMUNITY COLLEGE,2020,90.0
24Q550,HIGH SCHOOL FOR ARTS AND BUSINESS,2020,97.1
24Q550,HIGH SCHOOL FOR ARTS AND BUSINESS,2020,97.1
24Q560,"ROBERT F. WAGNER, JR. SECONDARY SCHOOL FOR ARTS AND TECHNOLOGY",2020,95.1
24Q560,"ROBERT F. WAGNER, JR. SECONDARY SCHOOL FOR ARTS AND TECHNOLOGY",2020,92.2
24Q585,MASPETH HIGH SCHOOL,2020,96.2
24Q585,MASPETH HIGH SCHOOL,2020,94.2
24Q600,QUEENS TECHNICAL HIGH SCHOOL,2020,85.6
24Q600,QUEENS TECHNICAL HIGH SCHOOL,2020,77.3
24Q610,AVIATION CAREER & TECHNICAL EDUCATION HIGH SCHOOL,2020,96.4
24Q610,AVIATION CAREER & TECHNICAL EDUCATION HIGH SCHOOL,2020,92.9
24Q744,VOYAGES PREPARATORY,2020,13.2
24Q744,VOYAGES PREPARATORY,2020,12.1
25Q240,VERITAS ACADEMY,2020,90.7
25Q240,VERITAS ACADEMY,2020,90.7
25Q241,QUEENS HIGH SCHOOL FOR LANGUAGE STUDIES,2020,87.4
25Q241,QUEENS HIGH SCHOOL FOR LANGUAGE STUDIES,2020,84.5
25Q252,"QUEENS SCHOOL OF INQUIRY, THE",2020,98.8
25Q252,"QUEENS SCHOOL OF INQUIRY, THE",2020,98.8
25Q263,FLUSHING INTERNATIONAL HIGH SCHOOL,2020,74.7
25Q263,FLUSHING INTERNATIONAL HIGH SCHOOL,2020,69.3
25Q281,EAST-WEST SCHOOL OF INTERNATIONAL STUDIES,2020,94.2
25Q281,EAST-WEST SCHOOL OF INTERNATIONAL STUDIES,2020,93.3
25Q285,WORLD JOURNALISM PREPARATORY: A COLLEGE BOARD SCHOOL,2020,95.7
25Q285,WORLD JOURNALISM PREPARATORY: A COLLEGE BOARD SCHOOL,2020,94.6
25Q425,JOHN BOWNE HIGH SCHOOL,2020,80.5
25Q425,JOHN BOWNE HIGH SCHOOL,2020,77.6
25Q460,FLUSHING HIGH SCHOOL,2020,84.7
25Q460,FLUSHING HIGH SCHOOL,2020,83.2
25Q525,TOWNSEND HARRIS HIGH SCHOOL,2020,99.7
25Q525,TOWNSEND HARRIS HIGH SCHOOL,2020,99.4
25Q540,QUEENS ACADEMY HIGH SCHOOL,2020,43.7
25Q540,QUEENS ACADEMY HIGH SCHOOL,2020,33.3
25Q670,ROBERT F. KENNEDY COMMUNITY HIGH SCHOOL,2020,84.1
25Q670,ROBERT F. KENNEDY COMMUNITY HIGH SCHOOL,2020,83.3
25Q792,NORTH QUEENS COMMUNITY HIGH SCHOOL,2020,22.9
25Q792,NORTH QUEENS COMMUNITY HIGH SCHOOL,2020,14.6
26Q315,BUSINESS TECHNOLOGY EARLY COLLEGE HIGH SCHOOL,2020,97.4
26Q315,BUSINESS TECHNOLOGY EARLY COLLEGE HIGH SCHOOL,2020,96.6
26Q415,BENJAMIN N. CARDOZO HIGH SCHOOL,2020,92.4
26Q415,BENJAMIN N. CARDOZO HIGH SCHOOL,2020,89.8
26Q430,FRANCIS LEWIS HIGH SCHOOL,2020,91.3
26Q430,FRANCIS LEWIS HIGH SCHOOL,2020,85.8
26Q435,MARTIN VAN BUREN HIGH SCHOOL,2020,85.8
26Q435,MARTIN VAN BUREN HIGH SCHOOL,2020,80.6
26Q495,BAYSIDE HIGH SCHOOL,2020,98.1
26Q495,BAYSIDE HIGH SCHOOL,2020,95.6
26Q566,"QUEENS HIGH SCHOOL OF TEACHING, LIBERAL ARTS AND THE SCIENCES",2020,93.7
26Q566,"QUEENS HIGH SCHOOL OF TEACHING, LIBERAL ARTS AND THE SCIENCES",2020,92.1
27Q260,FREDERICK DOUGLASS ACADEMY VI HIGH SCHOOL,2020,74.1
27Q260,FREDERICK DOUGLASS ACADEMY VI HIGH SCHOOL,2020,72.2
27Q261,VOYAGES PREP - SOUTH QUEENS,2020,44.6
27Q261,VOYAGES PREP - SOUTH QUEENS,2020,40.8
27Q262,CHANNEL VIEW SCHOOL FOR RESEARCH,2020,97.9
27Q262,CHANNEL VIEW SCHOOL FOR RESEARCH,2020,96.3
27Q302,"QUEENS HIGH SCHOOL FOR INFORMATION, RESEARCH, AND TECHNOLOGY",2020,85.4
27Q302,"QUEENS HIGH SCHOOL FOR INFORMATION, RESEARCH, AND TECHNOLOGY",2020,81.3
27Q308,ROBERT H. GODDARD HIGH SCHOOL OF COMMUNICATION ARTS AND TECHNOLOGY,2020,98.6
27Q308,ROBERT H. GODDARD HIGH SCHOOL OF COMMUNICATION ARTS AND TECHNOLOGY,2020,98.6
27Q309,ACADEMY OF MEDICAL TECHNOLOGY: A COLLEGE BOARD SCHOOL,2020,87.1
27Q309,ACADEMY OF MEDICAL TECHNOLOGY: A COLLEGE BOARD SCHOOL,2020,85.1
27Q314,EPIC HIGH SCHOOL - SOUTH,2020,82.0
27Q314,EPIC HIGH SCHOOL - SOUTH,2020,78.7
27Q323,SCHOLARS' ACADEMY,2020,99.3
27Q323,SCHOLARS' ACADEMY,2020,99.3
27Q324,ROCKAWAY PARK HIGH SCHOOL FOR ENVIRONMENTAL SUSTAINABILITY,2020,65.0
27Q324,ROCKAWAY PARK HIGH SCHOOL FOR ENVIRONMENTAL SUSTAINABILITY,2020,51.7
27Q334,EPIC HIGH SCHOOL - NORTH,2020,94.2
27Q334,EPIC HIGH SCHOOL - NORTH,2020,92.3
27Q351,ROCKAWAY COLLEGIATE HIGH SCHOOL,2020,65.1
27Q351,ROCKAWAY COLLEGIATE HIGH SCHOOL,2020,61.9
27Q400,AUGUST MARTIN HIGH SCHOOL,2020,87.0
27Q400,AUGUST MARTIN HIGH SCHOOL,2020,87.0
27Q475,RICHMOND HILL HIGH SCHOOL,2020,80.9
27Q475,RICHMOND HILL HIGH SCHOOL,2020,77.5
27Q480,JOHN ADAMS HIGH SCHOOL,2020,86.6
27Q480,JOHN ADAMS HIGH SCHOOL,2020,85.0
27Q650,"HIGH SCHOOL FOR CONSTRUCTION TRADES, ENGINEERING AND ARCHITECTURE",2020,98.5
27Q650,"HIGH SCHOOL FOR CONSTRUCTION TRADES, ENGINEERING AND ARCHITECTURE",2020,98.2
28Q167,METROPOLITAN EXPEDITIONARY LEARNING SCHOOL,2020,98.0
28Q167,METROPOLITAN EXPEDITIONARY LEARNING SCHOOL,2020,98.0
28Q284,YORK EARLY COLLEGE ACADEMY,2020,98.8
28Q284,YORK EARLY COLLEGE ACADEMY,2020,98.8
28Q310,QUEENS COLLEGIATE: A COLLEGE BOARD SCHOOL,2020,88.0
28Q310,QUEENS COLLEGIATE: A COLLEGE BOARD SCHOOL,2020,71.0
28Q325,HILLSIDE ARTS & LETTERS ACADEMY,2020,95.9
28Q325,HILLSIDE ARTS & LETTERS ACADEMY,2020,94.8
28Q328,HIGH SCHOOL FOR COMMUNITY LEADERSHIP,2020,99.1
28Q328,HIGH SCHOOL FOR COMMUNITY LEADERSHIP,2020,99.1
28Q338,QUEENS SATELLITE HIGH SCHOOL FOR OPPORTUNITY,2020,36.8
28Q338,QUEENS SATELLITE HIGH SCHOOL FOR OPPORTUNITY,2020,35.1
28Q350,JAMAICA GATEWAY TO THE SCIENCES,2020,92.1
28Q350,JAMAICA GATEWAY TO THE SCIENCES,2020,91.3
28Q440,FOREST HILLS HIGH SCHOOL,2020,93.2
28Q440,FOREST HILLS HIGH SCHOOL,2020,86.0
28Q505,HILLCREST HIGH SCHOOL,2020,84.5
28Q505,HILLCREST HIGH SCHOOL,2020,81.4
28Q620,THOMAS A. EDISON CAREER AND TECHNICAL EDUCATION HIGH SCHOOL,2020,96.6
28Q620,THOMAS A. EDISON CAREER AND TECHNICAL EDUCATION HIGH SCHOOL,2020,94.2
28Q680,QUEENS GATEWAY TO HEALTH SCIENCES SECONDARY SCHOOL,2020,97.8
28Q680,QUEENS GATEWAY TO HEALTH SCIENCES SECONDARY SCHOOL,2020,97.8
28Q686,QUEENS METROPOLITAN HIGH SCHOOL,2020,93.5
28Q686,QUEENS METROPOLITAN HIGH SCHOOL,2020,89.9
28Q687,QUEENS HIGH SCHOOL FOR THE SCIENCES AT YORK COLLEGE,2020,99.3
28Q687,QUEENS HIGH SCHOOL FOR THE SCIENCES AT YORK COLLEGE,2020,99.3
28Q690,HIGH SCHOOL FOR LAW ENFORCEMENT AND PUBLIC SAFETY,2020,84.3
28Q690,HIGH SCHOOL FOR LAW ENFORCEMENT AND PUBLIC SAFETY,2020,79.6
28Q896,"YOUNG WOMEN'S LEADERSHIP SCHOOL, QUEENS",2020,97.3
28Q896,"YOUNG WOMEN'S LEADERSHIP SCHOOL, QUEENS",2020,97.3
29Q243,INSTITUTE FOR HEALTH PROFESSIONS AT CAMBRIA HEIGHTS,2020,91.7
29Q243,INSTITUTE FOR HEALTH PROFESSIONS AT CAMBRIA HEIGHTS,2020,90.9
29Q248,QUEENS PREPARATORY ACADEMY,2020,76.8
29Q248,QUEENS PREPARATORY ACADEMY,2020,73.9
29Q259,PATHWAYS COLLEGE PREPARATORY SCHOOL: A COLLEGE BOARD SCHOOL,2020,97.1
29Q259,PATHWAYS COLLEGE PREPARATORY SCHOOL: A COLLEGE BOARD SCHOOL,2020,97.1
29Q265,EXCELSIOR PREPARATORY HIGH SCHOOL,2020,93.8
29Q265,EXCELSIOR PREPARATORY HIGH SCHOOL,2020,93.8
29Q272,GEORGE WASHINGTON CARVER HIGH SCHOOL FOR THE SCIENCES,2020,82.9
29Q272,GEORGE WASHINGTON CARVER HIGH SCHOOL FOR THE SCIENCES,2020,76.3
29Q283,PREPARATORY ACADEMY FOR WRITERS: A COLLEGE BOARD SCHOOL,2020,90.1
29Q283,PREPARATORY ACADEMY FOR WRITERS: A COLLEGE BOARD SCHOOL,2020,88.9
29Q313,BENJAMIN FRANKLIN HIGH SCHOOL FOR FINANCE & INFORMATION TECHNOLOGY,2020,88.3
29Q313,BENJAMIN FRANKLIN HIGH SCHOOL FOR FINANCE & INFORMATION TECHNOLOGY,2020,88.3
29Q326,CAMBRIA HEIGHTS ACADEMY,2020,89.5
29Q326,CAMBRIA HEIGHTS ACADEMY,2020,84.9
29Q327,EAGLE ACADEMY FOR YOUNG MEN III,2020,97.9
29Q327,EAGLE ACADEMY FOR YOUNG MEN III,2020,91.5
29Q492,"MATHEMATICS, SCIENCE RESEARCH AND TECHNOLOGY MAGNET HIGH SCHOOL",2020,93.3
29Q492,"MATHEMATICS, SCIENCE RESEARCH AND TECHNOLOGY MAGNET HIGH SCHOOL",2020,89.3
29Q498,"HEALTH, ARTS, ROBOTICS, AND TECHNOLOGY HIGH SCHOOL",2020,96.3
29Q498,"HEALTH, ARTS, ROBOTICS, AND TECHNOLOGY HIGH SCHOOL",2020,94.5
30Q258,ENERGY TECH HIGH SCHOOL,2020,92.7
30Q258,ENERGY TECH HIGH SCHOOL,2020,92.7
30Q286,"YOUNG WOMEN'S LEADERSHIP SCHOOL, ASTORIA",2020,100.0
30Q286,"YOUNG WOMEN'S LEADERSHIP SCHOOL, ASTORIA",2020,100.0
30Q301,ACADEMY FOR CAREERS IN TELEVISION AND FILM,2020,96.3
30Q301,ACADEMY FOR CAREERS IN TELEVISION AND FILM,2020,95.6
30Q445,WILLIAM CULLEN BRYANT HIGH SCHOOL,2020,81.7
30Q445,WILLIAM CULLEN BRYANT HIGH SCHOOL,2020,78.1
30Q450,LONG ISLAND CITY HIGH SCHOOL,2020,80.8
30Q450,LONG ISLAND CITY HIGH SCHOOL,2020,75.2
30Q501,FRANK SINATRA SCHOOL OF THE ARTS HIGH SCHOOL,2020,100.0
30Q501,FRANK SINATRA SCHOOL OF THE ARTS HIGH SCHOOL,2020,99.5
30Q502,INFORMATION TECHNOLOGY HIGH SCHOOL,2020,87.0
30Q502,INFORMATION TECHNOLOGY HIGH SCHOOL,2020,82.9
30Q555,ATLAS,2020,77.5
30Q555,ATLAS,2020,72.8
30Q575,ACADEMY OF AMERICAN STUDIES,2020,96.1
30Q575,ACADEMY OF AMERICAN STUDIES,2020,92.4
30Q580,BACCALAUREATE SCHOOL FOR GLOBAL EDUCATION,2020,98.9
30Q580,BACCALAUREATE SCHOOL FOR GLOBAL EDUCATION,2020,98.9
31R028,THE EAGLE ACADEMY FOR YOUNG MEN OF STATEN ISLAND,2020,85.7
31R028,THE EAGLE ACADEMY FOR YOUNG MEN OF STATEN ISLAND,2020,78.6
31R047,CSI HIGH SCHOOL FOR INTERNATIONAL STUDIES,2020,98.5
31R047,CSI HIGH SCHOOL FOR INTERNATIONAL STUDIES,2020,98.5
31R064,GAYNOR MCCOWN EXPEDITIONARY LEARNING SCHOOL,2020,99.1
31R064,GAYNOR MCCOWN EXPEDITIONARY LEARNING SCHOOL,2020,99.1
31R080,THE MICHAEL J. PETRIDES SCHOOL,2020,92.2
31R080,THE MICHAEL J. PETRIDES SCHOOL,2020,89.7
31R440,NEW DORP HIGH SCHOOL,2020,88.1
31R440,NEW DORP HIGH SCHOOL,2020,85.9
31R445,PORT RICHMOND HIGH SCHOOL,2020,77.5
31R445,PORT RICHMOND HIGH SCHOOL,2020,70.6
31R450,CURTIS HIGH SCHOOL,2020,84.6
31R450,CURTIS HIGH SCHOOL,2020,82.6
31R455,TOTTENVILLE HIGH SCHOOL,2020,94.3
31R455,TOTTENVILLE HIGH SCHOOL,2020,93.1
31R460,SUSAN E. WAGNER HIGH SCHOOL,2020,91.3
31R460,SUSAN E. WAGNER HIGH SCHOOL,2020,87.6
31R470,CONCORD HIGH SCHOOL,2020,28.6
31R470,CONCORD HIGH SCHOOL,2020,22.4
31R600,RALPH R. MCKEE CAREER AND TECHNICAL EDUCATION HIGH SCHOOL,2020,82.7
31R600,RALPH R. MCKEE CAREER AND TECHNICAL EDUCATION HIGH SCHOOL,2020,80.9
31R605,STATEN ISLAND TECHNICAL HIGH SCHOOL,2020,99.7
31R605,STATEN ISLAND TECHNICAL HIGH SCHOOL,2020,99.7
32K168,THE BROOKLYN SCHOOL FOR MATH AND RESEARCH,2020,97.8
32K168,THE BROOKLYN SCHOOL FOR MATH AND RESEARCH,2020,96.6
32K403,ACADEMY FOR EXCELLENCE IN LEADERSHIP,2020,86.8
32K403,ACADEMY FOR EXCELLENCE IN LEADERSHIP,2020,83.8
32K545,EBC HIGH SCHOOL FOR PUBLIC SERVICE - BUSHWICK,2020,71.3
32K545,EBC HIGH SCHOOL FOR PUBLIC SERVICE - BUSHWICK,2020,65.2
32K549,THE BROOKLYN SCHOOL FOR SOCIAL JUSTICE,2020,84.2
32K549,THE BROOKLYN SCHOOL FOR SOCIAL JUSTICE,2020,80.3
32K552,THE ACADEMY OF URBAN PLANNING AND ENGINEERING,2020,94.3
32K552,THE ACADEMY OF URBAN PLANNING AND ENGINEERING,2020,89.6
32K554,ALL CITY LEADERSHIP SECONDARY SCHOOL,2020,98.5
32K554,ALL CITY LEADERSHIP SECONDARY SCHOOL,2020,98.5
32K556,BUSHWICK LEADERS HIGH SCHOOL FOR ACADEMIC EXCELLENCE,2020,75.8
32K556,BUSHWICK LEADERS HIGH SCHOOL FOR ACADEMIC EXCELLENCE,2020,64.2
32K564,BUSHWICK COMMUNITY HIGH SCHOOL,2020,26.4
32K564,BUSHWICK COMMUNITY HIGH SCHOOL,2020,22.6